{
    "RPSHLGXYBGRZ": {
        "idgift": "RPSHLGXYBGRZ",
        "status": "Resgatado"
    },
    "EXZLKFNEIXHW": {
        "idgift": "EXZLKFNEIXHW",
        "status": "Disponivel",
        "estoque": [
            "iu"
        ]
    },
    "DVOYXZNJAAIS": {
        "idgift": "DVOYXZNJAAIS",
        "status": "Resgatado"
    },
    "ATCNSSRECCGB": {
        "idgift": "ATCNSSRECCGB",
        "status": "Resgatado"
    },
    "CCHKPJYDIGSL": {
        "idgift": "CCHKPJYDIGSL",
        "status": "Resgatado"
    },
    "CLIEMAIULPRM": {
        "idgift": "CLIEMAIULPRM",
        "status": "Resgatado"
    }
}