{
    "pedidostotal": 29,
    "gastostotal": 24047.01,
    "16/06/2023": {
        "pedidos": 1,
        "recebimentos": 10
    },
    "1117954112756129902": {
        "gastosaprovados": 20,
        "pedidosaprovados": 2
    },
    "23/06/2023": {
        "pedidos": 1,
        "recebimentos": 10
    },
    "13/10/2023": {
        "pedidos": 25,
        "recebimentos": 24012
    },
    "1083600201878605825": {
        "gastosaprovados": 24012,
        "pedidosaprovados": 25
    },
    "14/10/2023": {
        "pedidos": 2,
        "recebimentos": 15.01
    },
    "1083708450766331925": {
        "gastosaprovados": 15.01,
        "pedidosaprovados": 2
    }
}