{
    "804947862004833": {
        "id": "804947862004833",
        "status": "Pendente (1)",
        "userid": "1083600201878605825",
        "dataid": "sexta-feira, 13 de outubro de 2023 às 10:41",
        "nomeid": "sexo de pai",
        "qtdid": "1",
        "precoid": "1000",
        "entrid": "Andamento"
    },
    "692981046279074": {
        "id": "692981046279074",
        "status": "Pendente (1)",
        "userid": "1083600201878605825",
        "dataid": "sexta-feira, 13 de outubro de 2023 às 10:42",
        "nomeid": "sexo de pai",
        "qtdid": "1",
        "precoid": "1000",
        "entrid": "Andamento"
    },
    "942769187104442": {
        "id": "942769187104442",
        "status": "Pendente (1)",
        "userid": "1083600201878605825",
        "dataid": "sexta-feira, 13 de outubro de 2023 às 10:42",
        "nomeid": "sexo de pai",
        "qtdid": "1",
        "precoid": "1000",
        "entrid": "Andamento"
    },
    "328816975985607": {
        "id": "328816975985607",
        "status": "Pendente (1)",
        "userid": "1083600201878605825",
        "dataid": "sexta-feira, 13 de outubro de 2023 às 10:44",
        "nomeid": "sexo de pai",
        "qtdid": "1",
        "precoid": "1000",
        "entrid": "Andamento"
    },
    "719817524013868": {
        "id": "719817524013868",
        "status": "Pendente (1)",
        "userid": "1083600201878605825",
        "dataid": "sexta-feira, 13 de outubro de 2023 às 10:54",
        "nomeid": "sexo de pai",
        "qtdid": "1",
        "precoid": "1000",
        "entrid": "Andamento"
    },
    "671499753619835": {
        "id": "671499753619835",
        "status": "Pendente (1)",
        "userid": "1083600201878605825",
        "dataid": "sexta-feira, 13 de outubro de 2023 às 10:57",
        "nomeid": "sexo de pai",
        "qtdid": "1",
        "precoid": "1000",
        "entrid": "Andamento"
    },
    "363832030442912": {
        "id": "363832030442912",
        "status": "Pendente (1)",
        "userid": "1083600201878605825",
        "dataid": "sexta-feira, 13 de outubro de 2023 às 11:00",
        "nomeid": "sexo de pai",
        "qtdid": "1",
        "precoid": "1000",
        "entrid": "Andamento"
    },
    "115869427665022": {
        "id": "115869427665022",
        "status": "Pendente (1)",
        "userid": "1083600201878605825",
        "dataid": "sexta-feira, 13 de outubro de 2023 às 11:04",
        "nomeid": "sexo de pai",
        "qtdid": "1",
        "precoid": "1000",
        "entrid": "Andamento"
    },
    "198450479484346": {
        "id": "198450479484346",
        "status": "Pendente (1)",
        "userid": "1083600201878605825",
        "dataid": "sexta-feira, 13 de outubro de 2023 às 11:06",
        "nomeid": "sexo de pai",
        "qtdid": "1",
        "precoid": "1000",
        "entrid": "Andamento"
    },
    "296798282462695": {
        "id": "296798282462695",
        "status": "Pendente (1)",
        "userid": "1083600201878605825",
        "dataid": "sexta-feira, 13 de outubro de 2023 às 11:06",
        "nomeid": "sexo de pai",
        "qtdid": "1",
        "precoid": "1000",
        "entrid": "Andamento"
    },
    "940253623939927": {
        "id": "940253623939927",
        "status": "Pendente (1)",
        "userid": "1083600201878605825",
        "dataid": "sexta-feira, 13 de outubro de 2023 às 11:07",
        "nomeid": "sexo de pai",
        "qtdid": "1",
        "precoid": "1000",
        "entrid": "Andamento"
    },
    "425311954403783": {
        "id": "425311954403783",
        "status": "Pendente (1)",
        "userid": "1083600201878605825",
        "dataid": "sexta-feira, 13 de outubro de 2023 às 11:13",
        "nomeid": "sexo de pai",
        "qtdid": "1",
        "precoid": "1000",
        "entrid": "Andamento"
    },
    "283985960771664": {
        "id": "283985960771664",
        "status": "Pendente (1)",
        "userid": "1083600201878605825",
        "dataid": "sexta-feira, 13 de outubro de 2023 às 11:47",
        "nomeid": "sexo de pai",
        "qtdid": "1",
        "precoid": "1000",
        "entrid": "Andamento"
    },
    "80027411671786": {
        "id": "80027411671786",
        "status": "Pendente (1)",
        "userid": "1083600201878605825",
        "dataid": "sexta-feira, 13 de outubro de 2023 às 11:57",
        "nomeid": "sexo de pai",
        "qtdid": "1",
        "precoid": "1000",
        "entrid": "Andamento"
    },
    "278672714961775": {
        "id": "278672714961775",
        "status": "Pendente (1)",
        "userid": "1083600201878605825",
        "dataid": "sexta-feira, 13 de outubro de 2023 às 11:59",
        "nomeid": "sexo de pai",
        "qtdid": "1",
        "precoid": "1000",
        "entrid": "Andamento"
    },
    "716655231856274": {
        "id": "716655231856274",
        "status": "Pendente (1)",
        "userid": "1083600201878605825",
        "dataid": "sexta-feira, 13 de outubro de 2023 às 12:00",
        "nomeid": "sexo de pai",
        "qtdid": "1",
        "precoid": "1000",
        "entrid": "Andamento"
    },
    "908046122136853": {
        "id": "908046122136853",
        "status": "Pendente (1)",
        "userid": "1083600201878605825",
        "dataid": "sexta-feira, 13 de outubro de 2023 às 12:00",
        "nomeid": "sexo de pai",
        "qtdid": "1",
        "precoid": "1000",
        "entrid": "Andamento"
    },
    "433310275712850": {
        "id": "433310275712850",
        "status": "Pendente (1)",
        "userid": "1083600201878605825",
        "dataid": "sexta-feira, 13 de outubro de 2023 às 12:01",
        "nomeid": "sexo de pai",
        "qtdid": "1",
        "precoid": "1000",
        "entrid": "Andamento"
    },
    "702034894839503": {
        "id": "702034894839503",
        "status": "Pendente (1)",
        "userid": "1083600201878605825",
        "dataid": "sexta-feira, 13 de outubro de 2023 às 12:01",
        "nomeid": "sexo de pai",
        "qtdid": "1",
        "precoid": "1000",
        "entrid": "Andamento"
    },
    "951737570502400": {
        "id": "951737570502400",
        "status": "Pendente (1)",
        "userid": "1083600201878605825",
        "dataid": "sexta-feira, 13 de outubro de 2023 às 12:05",
        "nomeid": "sexo de pai",
        "qtdid": "1",
        "precoid": "1000",
        "entrid": "Andamento"
    },
    "415685019200534": {
        "id": "415685019200534",
        "status": "Pendente (1)",
        "userid": "1083600201878605825",
        "dataid": "sexta-feira, 13 de outubro de 2023 às 12:07",
        "nomeid": "sexo de pai",
        "qtdid": "1",
        "precoid": "1000",
        "entrid": "Andamento"
    },
    "290503412533572": {
        "id": "290503412533572",
        "status": "Pendente (1)",
        "userid": "1083600201878605825",
        "dataid": "sexta-feira, 13 de outubro de 2023 às 12:11",
        "nomeid": "sexo de pai",
        "qtdid": "1",
        "precoid": "1000",
        "entrid": "Andamento"
    },
    "833631262871292": {
        "id": "833631262871292",
        "status": "Pendente (2)",
        "userid": "1083600201878605825",
        "dataid": "sexta-feira, 13 de outubro de 2023 às 12:12",
        "nomeid": "sexo de pai",
        "qtdid": "1",
        "precoid": "1000",
        "entrid": "Andamento"
    },
    "647180146700356": {
        "id": "647180146700356",
        "status": "Pendente (2)",
        "userid": "1083600201878605825",
        "dataid": "sexta-feira, 13 de outubro de 2023 às 12:13",
        "nomeid": "sexo de pai",
        "qtdid": "1",
        "precoid": "1000",
        "entrid": "Andamento"
    },
    "906284911383257": {
        "id": "906284911383257",
        "status": "Pendente (2)",
        "userid": "1083600201878605825",
        "dataid": "sexta-feira, 13 de outubro de 2023 às 12:13",
        "nomeid": "sexo de pai",
        "qtdid": "1",
        "precoid": "1000",
        "entrid": "Andamento"
    },
    "744651907916928": {
        "id": "744651907916928",
        "status": "Pendente (2)",
        "userid": "1083600201878605825",
        "dataid": "sexta-feira, 13 de outubro de 2023 às 12:15",
        "nomeid": "sexo de pai",
        "qtdid": "1",
        "precoid": "1000",
        "entrid": "Andamento"
    },
    "293573503709429": {
        "id": "293573503709429",
        "status": "Pendente (2)",
        "userid": "1083600201878605825",
        "dataid": "sexta-feira, 13 de outubro de 2023 às 12:26",
        "nomeid": "sexo de pai",
        "qtdid": "1",
        "precoid": "1000",
        "entrid": "Andamento"
    },
    "954933123691684": {
        "id": "954933123691684",
        "status": "Pendente (2)",
        "userid": "1083600201878605825",
        "dataid": "sexta-feira, 13 de outubro de 2023 às 12:27",
        "nomeid": "sexo de pai",
        "qtdid": "1",
        "precoid": "1000",
        "entrid": "Andamento"
    },
    "222549223566655": {
        "id": "222549223566655",
        "status": "Pendente (2)",
        "userid": "1083600201878605825",
        "dataid": "sexta-feira, 13 de outubro de 2023 às 12:28",
        "nomeid": "sexo de pai",
        "qtdid": "1",
        "precoid": "1000",
        "entrid": "Andamento"
    },
    "587746974307371": {
        "id": "587746974307371",
        "status": "Concluido",
        "userid": "1083600201878605825",
        "dataid": "sexta-feira, 13 de outubro de 2023 às 12:29",
        "nomeid": "sexo de pai",
        "qtdid": "1",
        "precoid": "1000",
        "entrid": "Andamento"
    },
    "772537072862603": {
        "id": "772537072862603",
        "status": "Concluido",
        "userid": "1083600201878605825",
        "dataid": "sexta-feira, 13 de outubro de 2023 às 12:30",
        "nomeid": "sexo de pai",
        "qtdid": "1",
        "precoid": "1000",
        "entrid": "Andamento"
    },
    "694523574263450": {
        "id": "694523574263450",
        "status": "Concluido",
        "userid": "1083600201878605825",
        "dataid": "sexta-feira, 13 de outubro de 2023 às 12:31",
        "nomeid": "sexo de pai",
        "qtdid": "1",
        "precoid": "1000",
        "entrid": "Andamento"
    },
    "368473138760455": {
        "id": "368473138760455",
        "status": "Concluido",
        "userid": "1083600201878605825",
        "dataid": "sexta-feira, 13 de outubro de 2023 às 12:34",
        "nomeid": "sexo de pai",
        "qtdid": "1",
        "precoid": "1000",
        "entrid": "Andamento"
    },
    "987069811740643": {
        "id": "987069811740643",
        "status": "Pendente (1)",
        "userid": "1083600201878605825",
        "dataid": "sexta-feira, 13 de outubro de 2023 às 12:35",
        "nomeid": "sexo de pai",
        "qtdid": "1",
        "precoid": "1000",
        "entrid": "Andamento"
    },
    "532789163101920": {
        "id": "532789163101920",
        "status": "Concluido",
        "userid": "1083600201878605825",
        "dataid": "sexta-feira, 13 de outubro de 2023 às 12:35",
        "nomeid": "sexo de pai",
        "qtdid": "1",
        "precoid": "1000",
        "entrid": "Andamento"
    },
    "993092019094296": {
        "id": "993092019094296",
        "status": "Concluido",
        "userid": "1083600201878605825",
        "dataid": "sexta-feira, 13 de outubro de 2023 às 12:38",
        "nomeid": "sexo de pai",
        "qtdid": "1",
        "precoid": "1000",
        "entrid": "Andamento"
    },
    "688736415657076": {
        "id": "688736415657076",
        "status": "Concluido",
        "userid": "1083600201878605825",
        "dataid": "sexta-feira, 13 de outubro de 2023 às 12:39",
        "nomeid": "sexo de pai",
        "qtdid": "1",
        "precoid": "1000",
        "entrid": "Andamento"
    },
    "53585805883660": {
        "id": "53585805883660",
        "status": "Concluido",
        "userid": "1083600201878605825",
        "dataid": "sexta-feira, 13 de outubro de 2023 às 12:40",
        "nomeid": "sexo de pai",
        "qtdid": "1",
        "precoid": "1000",
        "entrid": "Andamento"
    },
    "266641705722380": {
        "id": "266641705722380",
        "status": "Concluido",
        "userid": "1083600201878605825",
        "dataid": "sexta-feira, 13 de outubro de 2023 às 12:41",
        "nomeid": "sexo de pai",
        "qtdid": "1",
        "precoid": "1000",
        "entrid": "Andamento"
    },
    "423158555906280": {
        "id": "423158555906280",
        "status": "Concluido",
        "userid": "1083600201878605825",
        "dataid": "sexta-feira, 13 de outubro de 2023 às 12:43",
        "nomeid": "sexo de pai",
        "qtdid": "1",
        "precoid": "1000",
        "entrid": "Andamento"
    },
    "292224671081892": {
        "id": "292224671081892",
        "status": "Concluido",
        "userid": "1083600201878605825",
        "dataid": "sexta-feira, 13 de outubro de 2023 às 12:45",
        "nomeid": "sexo de pai",
        "qtdid": "1",
        "precoid": "1000",
        "entrid": "Andamento"
    },
    "142365351985519": {
        "id": "142365351985519",
        "status": "Concluido",
        "userid": "1083600201878605825",
        "dataid": "sexta-feira, 13 de outubro de 2023 às 12:47",
        "nomeid": "sexo de pai",
        "qtdid": "1",
        "precoid": "1000",
        "entrid": "Andamento"
    },
    "461802961059333": {
        "id": "461802961059333",
        "status": "Concluido",
        "userid": "1083600201878605825",
        "dataid": "sexta-feira, 13 de outubro de 2023 às 12:51",
        "nomeid": "sexo de pai",
        "qtdid": "1",
        "precoid": "1000",
        "entrid": "Andamento"
    },
    "534306396824975": {
        "id": "534306396824975",
        "status": "Concluido",
        "userid": "1083600201878605825",
        "dataid": "sexta-feira, 13 de outubro de 2023 às 13:01",
        "nomeid": "sexo de pai",
        "qtdid": "1",
        "precoid": "1000",
        "entrid": "Andamento"
    },
    "386765584447742": {
        "id": "386765584447742",
        "status": "Concluido",
        "userid": "1083600201878605825",
        "dataid": "sexta-feira, 13 de outubro de 2023 às 13:02",
        "nomeid": "sexo de pai",
        "qtdid": "1",
        "precoid": "1000",
        "entrid": "Andamento"
    },
    "974178499565560": {
        "id": "974178499565560",
        "status": "Concluido",
        "userid": "1083600201878605825",
        "dataid": "sexta-feira, 13 de outubro de 2023 às 13:03",
        "nomeid": "sexo de pai",
        "qtdid": "1",
        "precoid": "1000",
        "entrid": "Andamento"
    },
    "737058884022563": {
        "id": "737058884022563",
        "status": "Concluido",
        "userid": "1083600201878605825",
        "dataid": "sexta-feira, 13 de outubro de 2023 às 13:04",
        "nomeid": "sexo de pai",
        "qtdid": "1",
        "precoid": "1000",
        "entrid": "Andamento"
    },
    "470884683256051": {
        "id": "470884683256051",
        "status": "Pendente (2)",
        "userid": "1083600201878605825",
        "dataid": "sexta-feira, 13 de outubro de 2023 às 13:06",
        "nomeid": "sexo de pai",
        "qtdid": "1",
        "precoid": "1000",
        "entrid": "Andamento"
    },
    "575447151933194": {
        "id": "575447151933194",
        "status": "Concluido",
        "userid": "1083600201878605825",
        "dataid": "sexta-feira, 13 de outubro de 2023 às 13:06",
        "nomeid": "sexo de pai",
        "qtdid": "1",
        "precoid": "1000",
        "entrid": "Andamento"
    },
    "837090519071349": {
        "id": "837090519071349",
        "status": "Concluido",
        "userid": "1083600201878605825",
        "dataid": "sexta-feira, 13 de outubro de 2023 às 13:09",
        "nomeid": "sexo de pai",
        "qtdid": "1",
        "precoid": "1000",
        "entrid": "Andamento"
    },
    "329128744766311": {
        "id": "329128744766311",
        "status": "Concluido",
        "userid": "1083600201878605825",
        "dataid": "sexta-feira, 13 de outubro de 2023 às 13:10",
        "nomeid": "sexo de pai",
        "qtdid": "1",
        "precoid": "1000",
        "entrid": "Andamento"
    },
    "446453951583212": {
        "id": "446453951583212",
        "status": "Pendente (2)",
        "userid": "1083600201878605825",
        "dataid": "sexta-feira, 13 de outubro de 2023 às 13:11",
        "nomeid": "sexo de pai",
        "qtdid": "1",
        "precoid": "1000",
        "entrid": "Andamento"
    },
    "104390347481143": {
        "id": "104390347481143",
        "status": "Pendente (2)",
        "userid": "1083600201878605825",
        "dataid": "sexta-feira, 13 de outubro de 2023 às 13:11",
        "nomeid": "sexo de pai",
        "qtdid": "1",
        "precoid": "1000",
        "entrid": "Andamento"
    },
    "410109877614327": {
        "id": "410109877614327",
        "status": "Concluido",
        "userid": "1083600201878605825",
        "dataid": "sexta-feira, 13 de outubro de 2023 às 13:11",
        "nomeid": "sexo de pai",
        "qtdid": "1",
        "precoid": "1000",
        "entrid": "Andamento"
    },
    "137569144996339": {
        "id": "137569144996339",
        "status": "Concluido",
        "userid": "1083600201878605825",
        "dataid": "sexta-feira, 13 de outubro de 2023 às 13:15",
        "nomeid": "sexo de pai",
        "qtdid": "1",
        "precoid": "1000",
        "entrid": "Andamento"
    },
    "624562755938885": {
        "id": "624562755938885",
        "status": "Pendente (2)",
        "userid": "1083600201878605825",
        "dataid": "sexta-feira, 13 de outubro de 2023 às 16:55",
        "nomeid": "sexo de pai",
        "qtdid": "1",
        "precoid": "1000",
        "entrid": "Andamento"
    },
    "23217977856127": {
        "id": "23217977856127",
        "status": "Pendente (2)",
        "userid": "1083600201878605825",
        "dataid": "sexta-feira, 13 de outubro de 2023 às 16:56",
        "nomeid": "sexo de pai",
        "qtdid": "1",
        "precoid": "1000",
        "entrid": "Andamento"
    },
    "210691057140714": {
        "id": "210691057140714",
        "status": "Pendente (1)",
        "userid": "1083600201878605825",
        "dataid": "sexta-feira, 13 de outubro de 2023 às 16:56",
        "nomeid": "sexo de pai",
        "qtdid": "1",
        "precoid": "1000",
        "entrid": "Andamento"
    },
    "803047298240681": {
        "id": "803047298240681",
        "status": "Pendente (1)",
        "userid": "1083600201878605825",
        "dataid": "sexta-feira, 13 de outubro de 2023 às 16:56",
        "nomeid": "sexo de pai",
        "qtdid": "1",
        "precoid": "1000",
        "entrid": "Andamento"
    },
    "329788215448554": {
        "id": "329788215448554",
        "status": "Pendente (1)",
        "userid": "1083600201878605825",
        "dataid": "sexta-feira, 13 de outubro de 2023 às 16:58",
        "nomeid": "sexo de pai",
        "qtdid": "1",
        "precoid": "1000",
        "entrid": "Andamento"
    },
    "719177572747226": {
        "id": "719177572747226",
        "status": "Pendente (1)",
        "userid": "1083600201878605825",
        "dataid": "sexta-feira, 13 de outubro de 2023 às 17:00",
        "nomeid": "sexo de pai",
        "qtdid": "1",
        "precoid": "1000",
        "entrid": "Andamento"
    },
    "139569162662295": {
        "id": "139569162662295",
        "status": "Pendente (1)",
        "userid": "1083600201878605825",
        "dataid": "sexta-feira, 13 de outubro de 2023 às 17:01",
        "nomeid": "sexo de pai",
        "qtdid": "1",
        "precoid": "1000",
        "entrid": "Andamento"
    },
    "795365979309802": {
        "id": "795365979309802",
        "status": "Pendente (1)",
        "userid": "1083600201878605825",
        "dataid": "sexta-feira, 13 de outubro de 2023 às 17:02",
        "nomeid": "sexo de pai",
        "qtdid": "1",
        "precoid": "1000",
        "entrid": "Andamento"
    },
    "735105693104275": {
        "id": "735105693104275",
        "status": "Pendente (1)",
        "userid": "1083600201878605825",
        "dataid": "sexta-feira, 13 de outubro de 2023 às 17:02",
        "nomeid": "sexo de pai",
        "qtdid": "1",
        "precoid": "1000",
        "entrid": "Andamento"
    },
    "558079172892670": {
        "id": "558079172892670",
        "status": "Pendente (1)",
        "userid": "1083600201878605825",
        "dataid": "sexta-feira, 13 de outubro de 2023 às 17:03",
        "nomeid": "sexo de pai",
        "qtdid": "1",
        "precoid": "1000",
        "entrid": "Andamento"
    },
    "464212054746225": {
        "id": "464212054746225",
        "status": "Concluido",
        "userid": "1083600201878605825",
        "dataid": "sexta-feira, 13 de outubro de 2023 às 17:04",
        "nomeid": "sexo de pai",
        "qtdid": "1",
        "precoid": "1000",
        "entrid": "Andamento"
    },
    "131290293431491": {
        "id": "131290293431491",
        "status": "Concluido",
        "userid": "1083600201878605825",
        "dataid": "sexta-feira, 13 de outubro de 2023 às 17:05",
        "nomeid": "sexo de pai",
        "qtdid": "1",
        "precoid": "1000",
        "entrid": "Andamento"
    },
    "351327258704757": {
        "id": "351327258704757",
        "status": "Concluido",
        "userid": "1083708450766331925",
        "dataid": "sábado, 14 de outubro de 2023 às 22:37",
        "nomeid": "Sem nome ainda...",
        "qtdid": "1",
        "precoid": "10",
        "entrid": "Andamento"
    }
}