{
    "2": {
        "idproduto": "2",
        "nome": "Sem nome ainda...",
        "desc": "Sem descrição ainda...",
        "preco": "10",
        "conta": [
            "TESTE",
            "TESTE",
            "TESTE"
        ]
    },
    "10": {
        "idproduto": "10",
        "nome": "Sem nome ainda...",
        "desc": "Sem descrição ainda...",
        "preco": "10",
        "conta": []
    },
    "100": {
        "idproduto": "100",
        "nome": "TESTE",
        "desc": "TESTE",
        "preco": "0.01",
        "conta": []
    },
    "oi": {
        "idproduto": "oi",
        "nome": "sexo de pai",
        "desc": "oi",
        "preco": "1000",
        "conta": [
            "A",
            "A",
            "A",
            "A",
            "A",
            "A",
            "a",
            "a",
            "A",
            "A",
            "A",
            "A",
            "A",
            "A",
            "a",
            "a",
            "A",
            "A",
            "A",
            "A",
            "A",
            "A"
        ]
    },
    "ae": {
        "idproduto": "ae",
        "nome": "Sem nome ainda...",
        "desc": "Sem descrição ainda...",
        "preco": "10",
        "conta": []
    },
    "crow": {
        "idproduto": "crow",
        "nome": "Sem nome ainda...",
        "desc": "Sem descrição ainda...",
        "preco": "10",
        "conta": []
    },
    "nevez": {
        "idproduto": "nevez",
        "nome": "oi",
        "desc": "ae",
        "preco": "12",
        "conta": [
            "222",
            "@@",
            "@",
            "@",
            "@",
            "@@",
            "a"
        ]
    }
}